{
  "IcoMoonType": "selection",
  "icons": [
    {
      "icon": {
        "paths": [
          "M621.668 653.668c-44.476 31.692-98.895 50.332-157.668 50.332-150.221 0-272-121.779-272-272s121.779-272 272-272c150.221 0 272 121.779 272 272 0 75.111-30.445 143.111-79.667 192.333l191.916 191.916c8.802 8.802 8.588 22.915-0.249 31.751-8.898 8.898-23.052 8.948-31.751 0.249l-194.581-194.581zM464 672c132.548 0 240-107.452 240-240s-107.452-240-240-240c-132.548 0-240 107.452-240 240s107.452 240 240 240v0z"
        ],
        "attrs": [
          {}
        ],
        "isMulticolor": false,
        "isMulticolor2": false,
        "tags": [
          "search"
        ],
        "grid": 32
      },
      "attrs": [
        {}
      ],
      "properties": {
        "order": 12,
        "id": 0,
        "prevSize": 32,
        "code": 59648,
        "name": "search2"
      },
      "setIdx": 0,
      "setId": 2,
      "iconIdx": 0
    },
    {
      "icon": {
        "paths": [
          "M1024 608l-192-192v-288h-128v160l-192-192-512 512v32h128v320h320v-192h128v192h320v-320h128z"
        ],
        "tags": [
          "home",
          "house"
        ],
        "defaultCode": 59650,
        "grid": 16,
        "attrs": []
      },
      "attrs": [],
      "properties": {
        "ligatures": "home3, house3",
        "name": "home3",
        "order": 4,
        "id": 3,
        "prevSize": 32,
        "code": 59650
      },
      "setIdx": 1,
      "setId": 1,
      "iconIdx": 2
    },
    {
      "icon": {
        "paths": [
          "M0 1024h512v-1024h-512v1024zM320 128h128v128h-128v-128zM320 384h128v128h-128v-128zM320 640h128v128h-128v-128zM64 128h128v128h-128v-128zM64 384h128v128h-128v-128zM64 640h128v128h-128v-128zM576 320h448v64h-448zM576 1024h128v-256h192v256h128v-576h-448z"
        ],
        "tags": [
          "office",
          "buildings",
          "work"
        ],
        "defaultCode": 59651,
        "grid": 16,
        "attrs": []
      },
      "attrs": [],
      "properties": {
        "ligatures": "office, buildings",
        "name": "office",
        "order": 8,
        "id": 4,
        "prevSize": 32,
        "code": 59651
      },
      "setIdx": 1,
      "setId": 1,
      "iconIdx": 3
    },
    {
      "icon": {
        "paths": [
          "M384 0l-384 512h384l-256 512 896-640h-512l384-384z"
        ],
        "tags": [
          "power",
          "lightning",
          "bolt",
          "electricity"
        ],
        "defaultCode": 59829,
        "grid": 16,
        "attrs": []
      },
      "attrs": [],
      "properties": {
        "ligatures": "power, lightning",
        "name": "power",
        "order": 11,
        "id": 182,
        "prevSize": 32,
        "code": 59829
      },
      "setIdx": 1,
      "setId": 1,
      "iconIdx": 181
    },
    {
      "icon": {
        "paths": [
          "M448 704h128v128h-128zM704 256c35.346 0 64 28.654 64 64v192l-192 128h-128v-64l192-128v-64h-320v-128h384zM512 96c-111.118 0-215.584 43.272-294.156 121.844s-121.844 183.038-121.844 294.156c0 111.118 43.272 215.584 121.844 294.156s183.038 121.844 294.156 121.844c111.118 0 215.584-43.272 294.156-121.844s121.844-183.038 121.844-294.156c0-111.118-43.272-215.584-121.844-294.156s-183.038-121.844-294.156-121.844zM512 0v0c282.77 0 512 229.23 512 512s-229.23 512-512 512c-282.77 0-512-229.23-512-512s229.23-512 512-512z"
        ],
        "tags": [
          "question",
          "help",
          "support"
        ],
        "defaultCode": 59913,
        "grid": 16,
        "attrs": []
      },
      "attrs": [],
      "properties": {
        "ligatures": "question, help",
        "name": "question",
        "order": 10,
        "id": 266,
        "prevSize": 32,
        "code": 59913
      },
      "setIdx": 1,
      "setId": 1,
      "iconIdx": 265
    },
    {
      "icon": {
        "paths": [
          "M384 512h-320v-128h320v-128l192 192-192 192zM1024 0v832l-384 192v-192h-384v-256h64v192h320v-576l256-128h-576v256h-64v-320z"
        ],
        "tags": [
          "enter",
          "signin",
          "login"
        ],
        "defaultCode": 59923,
        "grid": 16,
        "attrs": []
      },
      "attrs": [],
      "properties": {
        "ligatures": "enter, signin",
        "name": "enter",
        "order": 9,
        "id": 276,
        "prevSize": 32,
        "code": 59923
      },
      "setIdx": 1,
      "setId": 1,
      "iconIdx": 275
    }
  ],
  "height": 1024,
  "metadata": {
    "name": "icomoon"
  },
  "preferences": {
    "showGlyphs": true,
    "showQuickUse": true,
    "showQuickUse2": true,
    "showSVGs": true,
    "fontPref": {
      "prefix": "icon-",
      "metadata": {
        "fontFamily": "icomoon"
      },
      "metrics": {
        "emSize": 1024,
        "baseline": 6.25,
        "whitespace": 50
      },
      "embed": false
    },
    "imagePref": {
      "prefix": "icon-",
      "png": true,
      "useClassSelector": true,
      "color": 0,
      "bgColor": 16777215,
      "classSelector": ".icon"
    },
    "historySize": 100,
    "showCodes": true,
    "gridSize": 16
  }
}